Exp_Name,MAE,MAE_std,Max_Abs_Error,Max_Abs_Error_std,Miscal_Area,Miscal_Area_std,Sharpness,Sharpness_std,Bias,Bias_std,Var,Var_std
BAMI,1.6516014813399582,0.4019155135876665,15.962827468136473,9.040050109127387,0.05647793428776566,0.03372591422696751,2.3894970852964943,0.2592940965474062,356.3091382413325,194.84656470658814,354.7172275740715,192.7775694474301
