Exp_Name,MAE,MAE_std,Max_Abs_Error,Max_Abs_Error_std,Miscal_Area,Miscal_Area_std,Sharpness,Sharpness_std,Bias,Bias_std,Var,Var_std
IEEE,1.1603902505406092,0.4752748184646496,9.99418810126694,9.942936218644173,0.1770537858188779,0.06739808347344968,3.199285288212325,0.46857048904587084,319.62938934070877,212.6621656301945,316.2083226925475,213.4804542132827
